{"global_step": 26320, "_timestamp": 1682244924.4063628, "_runtime": 489.3639757633209, "_step": 26320, "charts/episodic_return": 4.0, "charts/normalized_episodic_return": 3.980577230453491, "charts/episodic_length": 1.0, "charts/learning_rate": 0.0002921063860412687, "losses/value_loss": 4.687819910031976e-09, "losses/policy_loss": -0.008450925350189209, "losses/entropy": 10.275262832641602, "losses/old_approx_kl": -0.03458213806152344, "losses/approx_kl": 0.0006739497184753418, "losses/clipfrac": 0.0, "losses/explained_variance": 2.6226043701171875e-06, "charts/SPS": 56.0, "_wandb": {"runtime": 488}}