{"global_step": 6482, "_timestamp": 1682244033.090366, "_runtime": 153.4075608253479, "_step": 6482, "charts/episodic_return": 4.0, "charts/normalized_episodic_return": 2.5135409832000732, "charts/episodic_length": 1.0, "charts/learning_rate": 0.00029805718804709613, "losses/value_loss": 4.972918077328359e-09, "losses/policy_loss": -0.06806161999702454, "losses/entropy": 10.582462310791016, "losses/old_approx_kl": 0.030640602111816406, "losses/approx_kl": 0.005230814218521118, "losses/clipfrac": 0.0, "losses/explained_variance": 9.953975677490234e-06, "charts/SPS": 51.0, "_wandb": {"runtime": 152}}