{"global_step": 89652, "_timestamp": 1682397714.815259, "_runtime": 1078.7756950855255, "_step": 22413, "charts/episodic_return": 4.0, "charts/normalized_episodic_return": 2.941357135772705, "charts/episodic_length": 1.0, "charts/learning_rate": 3.113999991910532e-05, "losses/value_loss": 2.35648694797419e-05, "losses/policy_loss": -6.18815392954275e-05, "losses/entropy": 10.699400901794434, "losses/old_approx_kl": 4.940032886224799e-05, "losses/approx_kl": 2.8014181907565217e-07, "losses/clipfrac": 0.0, "losses/explained_variance": 0.0, "charts/SPS": 91.0, "_wandb": {"runtime": 1077}}