{"global_step": 9254, "_timestamp": 1682694813.780114, "charts/episodic_return": -0.40130549669265747, "charts/episodic_length": 1.0, "_runtime": 213.58703184127808, "_step": 9253, "charts/learning_rate": 0.0002996737603098154, "losses/value_loss": 0.472714364528656, "losses/policy_loss": -0.004869327414780855, "losses/entropy": 9.828140258789062, "losses/approx_kl": 0.0018083130707964301, "losses/explained_variance": 0.0009368062019348145, "charts/SPS": 43.0, "_wandb": {"runtime": 212}}