{"global_step": 51200, "_timestamp": 1682398732.4382908, "_runtime": 896.4798069000244, "_step": 3200, "charts/episodic_return": 1.5556578636169434, "charts/normalized_episodic_return": 0.9503626227378845, "charts/episodic_length": 1.0, "charts/learning_rate": 0.0001500000071246177, "losses/value_loss": 0.46997374296188354, "losses/policy_loss": -0.0033418918028473854, "losses/entropy": 10.021088600158691, "losses/old_approx_kl": 0.006290601100772619, "losses/approx_kl": 0.0020822894293814898, "losses/clipfrac": 0.0003662109375, "losses/explained_variance": 0.0, "charts/SPS": 90.0}