{"global_step": 1805, "_timestamp": 1682490776.3433752, "_runtime": 63.55858826637268, "_step": 1805, "charts/episodic_return": 1.1592003107070923, "charts/average_fidelity": 0.20000000298023224, "charts/process_fidelity": 1.8942188892765485e-35, "charts/normalized_episodic_return": 1.3068177700042725, "charts/episodic_length": 1.0, "charts/learning_rate": 0.00029953918419778347, "losses/value_loss": 0.6361896991729736, "losses/policy_loss": -0.0027417894452810287, "losses/entropy": 9.921698570251465, "losses/old_approx_kl": 0.003902290016412735, "losses/approx_kl": 0.00010558776557445526, "losses/clipfrac": 0.0, "losses/explained_variance": 5.960464477539063e-08, "charts/SPS": 46.0, "_wandb": {"runtime": 62}}