{"global_step": 18, "_timestamp": 1682620567.632582, "_runtime": 71.94248795509338, "_step": 18, "charts/episodic_return": 0.8406843543052673, "charts/average_fidelity": 0.22418050467967987, "charts/process_fidelity": 0.030225640162825584, "charts/normalized_episodic_return": 1.3203130960464478, "charts/episodic_length": 1.0, "charts/learning_rate": 0.0017999784322455525, "losses/value_loss": 0.04729075729846954, "losses/policy_loss": -0.00036832690238952637, "losses/entropy": 9.876761436462402, "losses/old_approx_kl": -0.008699893951416016, "losses/approx_kl": 3.808736801147461e-05, "losses/clipfrac": 0.0, "losses/explained_variance": 2.4020671844482422e-05, "charts/SPS": 0.0, "_wandb": {"runtime": 93}}